"module name","license","repository"
"abbrev@1.0.9","ISC","https://github.com/isaacs/abbrev-js"
"abbrev@1.1.1","ISC","https://github.com/isaacs/abbrev-js"
"accepts@1.2.13","MIT","https://github.com/jshttp/accepts"
"accepts@1.3.5","MIT","https://github.com/jshttp/accepts"
"acorn@0.11.0","MIT","http://marijnhaverbeke.nl/git/acorn"
"ajv@6.7.0","MIT","https://github.com/epoberezkin/ajv"
"alter@0.2.0","MIT","https://github.com/olov/alter"
"amdefine@1.0.1","BSD-3-Clause OR MIT","https://github.com/jrburke/amdefine"
"ansi-gray@0.1.1","MIT","https://github.com/jonschlinkert/ansi-gray"
"ansi-regex@0.1.0","MIT","https://github.com/sindresorhus/ansi-regex"
"ansi-regex@0.2.1","MIT","https://github.com/sindresorhus/ansi-regex"
"ansi-regex@1.1.1","MIT","https://github.com/sindresorhus/ansi-regex"
"ansi-regex@2.1.1","MIT","https://github.com/chalk/ansi-regex"
"ansi-styles@1.1.0","MIT","https://github.com/sindresorhus/ansi-styles"
"ansi-styles@2.2.1","MIT","https://github.com/chalk/ansi-styles"
"ansi-wrap@0.1.0","MIT","https://github.com/jonschlinkert/ansi-wrap"
"archive-type@3.2.0","MIT","https://github.com/kevva/archive-type"
"archy@0.0.2","MIT*","https://github.com/substack/node-archy"
"argparse@0.1.16","MIT","https://github.com/nodeca/argparse"
"argparse@1.0.10","MIT","https://github.com/nodeca/argparse"
"arr-diff@2.0.0","MIT","https://github.com/jonschlinkert/arr-diff"
"arr-flatten@1.1.0","MIT","https://github.com/jonschlinkert/arr-flatten"
"array-differ@1.0.0","MIT","https://github.com/sindresorhus/array-differ"
"array-filter@0.0.1","MIT","https://github.com/juliangruber/array-filter"
"array-find-index@1.0.2","MIT","https://github.com/sindresorhus/array-find-index"
"array-map@0.0.0","MIT","https://github.com/substack/array-map"
"array-reduce@0.0.0","MIT","https://github.com/substack/array-reduce"
"array-uniq@1.0.3","MIT","https://github.com/sindresorhus/array-uniq"
"array-unique@0.2.1","MIT","https://github.com/jonschlinkert/array-unique"
"asn1@0.1.11","MIT*","https://github.com/mcavage/node-asn1"
"asn1@0.2.4","MIT","https://github.com/joyent/node-asn1"
"assert-plus@0.1.5","MIT*","https://github.com/mcavage/node-assert-plus"
"assert-plus@1.0.0","MIT","https://github.com/mcavage/node-assert-plus"
"async-each-series@1.1.0","MIT","https://github.com/jb55/async-each-series"
"async@0.1.22","MIT","https://github.com/caolan/async"
"async@0.2.10","MIT","https://github.com/caolan/async"
"async@0.9.2","MIT","https://github.com/caolan/async"
"async@1.5.2","MIT","https://github.com/caolan/async"
"asynckit@0.4.0","MIT","https://github.com/alexindigo/asynckit"
"autoprefixer@6.7.7","MIT","https://github.com/postcss/autoprefixer"
"aws-sign2@0.5.0","Apache*","https://github.com/mikeal/aws-sign"
"aws-sign2@0.7.0","Apache-2.0","https://github.com/mikeal/aws-sign"
"aws4@1.8.0","MIT","https://github.com/mhart/aws4"
"balanced-match@1.0.0","MIT","https://github.com/juliangruber/balanced-match"
"base64-url@1.2.1","ISC","https://github.com/joaquimserafim/base64-url"
"basic-auth-connect@1.0.0","MIT","https://github.com/expressjs/basic-auth-connect"
"basic-auth@1.0.4","MIT","https://github.com/jshttp/basic-auth"
"batch@0.5.3","MIT","https://github.com/visionmedia/batch"
"bcrypt-pbkdf@1.0.2","BSD-3-Clause","https://github.com/joyent/node-bcrypt-pbkdf"
"beeper@1.1.1","MIT","https://github.com/sindresorhus/beeper"
"bin-build@2.2.0","MIT","https://github.com/kevva/bin-build"
"bin-check@2.0.0","MIT","https://github.com/kevva/bin-check"
"bin-version-check@2.1.0","MIT","https://github.com/sindresorhus/bin-version-check"
"bin-version@1.0.4","MIT","https://github.com/sindresorhus/bin-version"
"bin-wrapper@3.0.2","MIT","https://github.com/kevva/bin-wrapper"
"binary@0.3.0","MIT","https://github.com/substack/node-binary"
"bl@0.9.5","MIT","https://github.com/rvagg/bl"
"bl@1.2.2","MIT","https://github.com/rvagg/bl"
"body-parser@1.13.3","MIT","https://github.com/expressjs/body-parser"
"boom@0.4.2","BSD","https://github.com/spumko/boom"
"bower-config@0.5.3","MIT","https://github.com/bower/config"
"bower-endpoint-parser@0.2.2","MIT","https://github.com/bower/endpoint-parser"
"bower-json@0.4.0","MIT","https://github.com/bower/json"
"bower-logger@0.2.2","MIT","https://github.com/bower/logger"
"bower-registry-client@0.2.4","MIT","https://github.com/bower/registry-client"
"bower@1.3.12","MIT","https://github.com/bower/bower"
"bower@1.8.8","MIT","https://github.com/bower/bower"
"brace-expansion@1.1.11","MIT","https://github.com/juliangruber/brace-expansion"
"braces@1.8.5","MIT","https://github.com/jonschlinkert/braces"
"browserify-zlib@0.1.4","MIT","https://github.com/devongovett/browserify-zlib"
"browserslist@1.7.7","MIT","https://github.com/ai/browserslist"
"buffer-alloc-unsafe@1.1.0","MIT","https://github.com/LinusU/buffer-alloc-unsafe"
"buffer-alloc@1.2.0","MIT","https://github.com/LinusU/buffer-alloc"
"buffer-crc32@0.2.13","MIT","https://github.com/brianloveswords/buffer-crc32"
"buffer-fill@1.0.0","MIT","https://github.com/LinusU/buffer-fill"
"buffer-from@1.1.1","MIT","https://github.com/LinusU/buffer-from"
"buffer-to-vinyl@1.1.0","MIT","https://github.com/kevva/buffer-to-vinyl"
"buffers@0.1.1","Custom: http://github.com/substack/node-bufferlist","https://github.com/substack/node-buffers"
"builtin-modules@1.1.1","MIT","https://github.com/sindresorhus/builtin-modules"
"bytes@2.1.0","MIT","https://github.com/visionmedia/bytes.js"
"bytes@2.4.0","MIT","https://github.com/visionmedia/bytes.js"
"camel-case@1.2.2","MIT","https://github.com/blakeembrey/camel-case"
"camelcase-keys@2.1.0","MIT","https://github.com/sindresorhus/camelcase-keys"
"camelcase@1.2.1","MIT","https://github.com/sindresorhus/camelcase"
"camelcase@2.1.1","MIT","https://github.com/sindresorhus/camelcase"
"caniuse-db@1.0.30000930","CC-BY-4.0","https://github.com/Fyrd/caniuse"
"capture-stack-trace@1.0.1","MIT","https://github.com/floatdrop/capture-stack-trace"
"cardinal@0.4.0","MIT","https://github.com/thlorenz/cardinal"
"caseless@0.12.0","Apache-2.0","https://github.com/mikeal/caseless"
"caseless@0.6.0","BSD*","https://github.com/mikeal/caseless"
"caseless@0.8.0","BSD*","https://github.com/mikeal/caseless"
"caw@1.2.0","MIT","https://github.com/kevva/caw"
"cdnjs-cdn-data@0.1.2","MIT","https://github.com/shahata/cdnjs-cdn-data"
"chainsaw@0.1.0","MIT*","https://github.com/substack/node-chainsaw"
"chalk@0.5.0","MIT","https://github.com/sindresorhus/chalk"
"chalk@0.5.1","MIT","https://github.com/sindresorhus/chalk"
"chalk@1.1.3","MIT","https://github.com/chalk/chalk"
"change-case@2.1.6","MIT","https://github.com/blakeembrey/change-case"
"change-case@2.3.1","MIT","https://github.com/blakeembrey/change-case"
"chmodr@0.1.0","BSD*","https://github.com/isaacs/chmodr"
"clap@1.2.3","MIT","https://github.com/lahmatiy/clap"
"clean-css@2.2.23","MIT","https://github.com/GoalSmashers/clean-css"
"clean-css@3.1.9","MIT","https://github.com/jakubpawlowicz/clean-css"
"clean-css@3.4.28","MIT","https://github.com/jakubpawlowicz/clean-css"
"cli-color@0.3.3","MIT","https://github.com/medikoo/cli-color"
"cli@0.6.6","MIT","https://github.com/chriso/cli"
"clone-stats@0.0.1","MIT","https://github.com/hughsk/clone-stats"
"clone@0.2.0","MIT","https://github.com/pvorb/node-clone"
"clone@1.0.4","MIT","https://github.com/pvorb/node-clone"
"co@3.1.0","MIT","https://github.com/visionmedia/co"
"coa@1.0.4","MIT","https://github.com/veged/coa"
"coffee-script@1.3.3","MIT","https://github.com/jashkenas/coffee-script"
"color-support@1.1.3","ISC","https://github.com/isaacs/color-support"
"colors@0.6.2","Custom: http://i.imgur.com/goJdO.png","https://github.com/Marak/colors.js"
"colors@1.1.2","MIT","https://github.com/Marak/colors.js"
"combined-stream@0.0.7","MIT*","https://github.com/felixge/node-combined-stream"
"combined-stream@1.0.7","MIT","https://github.com/felixge/node-combined-stream"
"commander@2.2.0","MIT*","https://github.com/visionmedia/commander.js"
"commander@2.6.0","MIT","https://github.com/tj/commander.js"
"commander@2.8.1","MIT","https://github.com/tj/commander.js"
"compressible@2.0.15","MIT","https://github.com/jshttp/compressible"
"compression@1.5.2","MIT","https://github.com/expressjs/compression"
"concat-map@0.0.1","MIT","https://github.com/substack/node-concat-map"
"concat-stream@1.4.11","MIT","https://github.com/maxogden/concat-stream"
"concat-stream@1.6.2","MIT","https://github.com/maxogden/concat-stream"
"config-chain@1.1.12","MIT","https://github.com/dominictarr/config-chain"
"configstore@0.3.2","BSD*","https://github.com/yeoman/configstore"
"connect-livereload@0.5.4","MIT","https://github.com/intesso/connect-livereload"
"connect-timeout@1.6.2","MIT","https://github.com/expressjs/timeout"
"connect@2.30.2","MIT","https://github.com/senchalabs/connect"
"console-browserify@1.1.0","MIT","https://github.com/Raynos/console-browserify"
"console-stream@0.1.1","MIT","https://github.com/Raynos/console-stream"
"constant-case@1.1.2","MIT","https://github.com/blakeembrey/constant-case"
"content-type@1.0.4","MIT","https://github.com/jshttp/content-type"
"convert-source-map@0.4.1","MIT","https://github.com/thlorenz/convert-source-map"
"convert-source-map@1.6.0","MIT","https://github.com/thlorenz/convert-source-map"
"cookie-parser@1.3.5","MIT","https://github.com/expressjs/cookie-parser"
"cookie-signature@1.0.6","MIT","https://github.com/visionmedia/node-cookie-signature"
"cookie@0.1.3","MIT","https://github.com/jshttp/cookie"
"core-util-is@1.0.2","MIT","https://github.com/isaacs/core-util-is"
"crc@3.3.0","MIT","https://github.com/alexgorbatchev/node-crc"
"create-error-class@3.0.2","MIT","https://github.com/floatdrop/create-error-class"
"cryptiles@0.2.2","BSD","https://github.com/hueniverse/cryptiles"
"csrf@3.0.6","MIT","https://github.com/pillarjs/csrf"
"csso@2.0.0","MIT","https://github.com/css/csso"
"csurf@1.8.3","MIT","https://github.com/expressjs/csurf"
"ctype@0.5.3","MIT*","https://github.com/rmustacc/node-ctype"
"currently-unhandled@0.4.1","MIT","https://github.com/jamestalmage/currently-unhandled"
"d@0.1.1","MIT","https://github.com/medikoo/d"
"d@1.0.0","MIT","https://github.com/medikoo/d"
"dashdash@1.14.1","MIT","https://github.com/trentm/node-dashdash"
"date-now@0.1.4","MIT","https://github.com/Colingo/date-now"
"date-time@1.1.0","MIT","https://github.com/sindresorhus/date-time"
"dateformat@1.0.2-1.2.3","MIT*",""
"dateformat@2.2.0","MIT","https://github.com/felixge/node-dateformat"
"debug@0.7.4","MIT*","https://github.com/visionmedia/debug"
"debug@1.0.5","MIT*","https://github.com/visionmedia/debug"
"debug@2.2.0","MIT","https://github.com/visionmedia/debug"
"debug@2.6.9","MIT","https://github.com/visionmedia/debug"
"decamelize@1.2.0","MIT","https://github.com/sindresorhus/decamelize"
"decompress-tar@3.1.0","MIT","https://github.com/kevva/decompress-tar"
"decompress-tarbz2@3.1.0","MIT","https://github.com/kevva/decompress-tarbz2"
"decompress-targz@3.1.0","MIT","https://github.com/kevva/decompress-targz"
"decompress-unzip@3.4.0","MIT","https://github.com/kevva/decompress-unzip"
"decompress-zip@0.0.8","MIT","https://github.com/bower/decompress-zip"
"decompress@3.0.0","MIT","https://github.com/kevva/decompress"
"deep-extend@0.2.11","MIT","https://github.com/unclechu/node-deep-extend"
"deep-extend@0.6.0","MIT","https://github.com/unclechu/node-deep-extend"
"delayed-stream@0.0.5","MIT*","https://github.com/felixge/node-delayed-stream"
"delayed-stream@1.0.0","MIT","https://github.com/felixge/node-delayed-stream"
"depd@1.0.1","MIT","https://github.com/dougwilson/nodejs-depd"
"depd@1.1.2","MIT","https://github.com/dougwilson/nodejs-depd"
"destroy@1.0.4","MIT","https://github.com/stream-utils/destroy"
"diff@2.2.3","BSD-3-Clause","https://github.com/kpdecker/jsdiff"
"dom-serializer@0.1.0","MIT","https://github.com/cheeriojs/dom-renderer"
"domelementtype@1.1.3","BSD*","https://github.com/FB55/domelementtype"
"domelementtype@1.3.1","BSD-2-Clause","https://github.com/fb55/domelementtype"
"domhandler@2.3.0","BSD*","https://github.com/fb55/DomHandler"
"domutils@1.5.1","BSD*","https://github.com/FB55/domutils"
"dot-case@1.1.2","MIT","https://github.com/blakeembrey/dot-case"
"download@4.4.3","MIT","https://github.com/kevva/download"
"duplexer2@0.0.2","BSD*","https://github.com/deoxxa/duplexer2"
"duplexer2@0.1.4","BSD-3-Clause","https://github.com/deoxxa/duplexer2"
"duplexify@3.6.1","MIT","https://github.com/mafintosh/duplexify"
"each-async@0.1.3","MIT","https://github.com/sindresorhus/each-async"
"each-async@1.1.1","MIT","https://github.com/sindresorhus/each-async"
"ecc-jsbn@0.1.2","MIT","https://github.com/quartzjer/ecc-jsbn"
"ee-first@1.1.1","MIT","https://github.com/jonathanong/ee-first"
"electron-to-chromium@1.3.106","ISC","https://github.com/kilian/electron-to-chromium"
"end-of-stream@1.0.0","MIT","https://github.com/mafintosh/end-of-stream"
"end-of-stream@1.4.1","MIT","https://github.com/mafintosh/end-of-stream"
"entities@1.0.0","BSD*","https://github.com/fb55/node-entities"
"entities@1.1.2","BSD-2-Clause","https://github.com/fb55/entities"
"error-ex@1.3.2","MIT","https://github.com/qix-/node-error-ex"
"errorhandler@1.4.3","MIT","https://github.com/expressjs/errorhandler"
"es5-ext@0.10.47","ISC","https://github.com/medikoo/es5-ext"
"es6-iterator@0.1.3","MIT","https://github.com/medikoo/es6-iterator"
"es6-iterator@2.0.3","MIT","https://github.com/medikoo/es6-iterator"
"es6-promise@4.2.5","MIT","https://github.com/stefanpenner/es6-promise"
"es6-symbol@2.0.1","MIT","https://github.com/medikoo/es6-symbol"
"es6-symbol@3.1.1","MIT","https://github.com/medikoo/es6-symbol"
"es6-weak-map@0.1.4","MIT","https://github.com/medikoo/es6-weak-map"
"escape-html@1.0.2","MIT","https://github.com/component/escape-html"
"escape-html@1.0.3","MIT","https://github.com/component/escape-html"
"escape-string-regexp@1.0.5","MIT","https://github.com/sindresorhus/escape-string-regexp"
"esprima@1.0.4","BSD","https://github.com/ariya/esprima"
"esprima@2.2.0","BSD","https://github.com/jquery/esprima"
"esprima@2.7.3","BSD-2-Clause","https://github.com/jquery/esprima"
"esprima@4.0.1","BSD-2-Clause","https://github.com/jquery/esprima"
"etag@1.7.0","MIT","https://github.com/jshttp/etag"
"event-emitter@0.3.5","MIT","https://github.com/medikoo/event-emitter"
"eventemitter2@0.4.14","MIT","https://github.com/hij1nx/EventEmitter2"
"eventemitter3@1.2.0","MIT","https://github.com/primus/eventemitter3"
"exec-buffer@2.0.1","MIT","https://github.com/kevva/exec-buffer"
"exec-series@1.0.3","MIT","https://github.com/shinnn/exec-series"
"executable@1.1.0","MIT","https://github.com/kevva/executable"
"exit@0.1.2","MIT","https://github.com/cowboy/node-exit"
"expand-brackets@0.1.5","MIT","https://github.com/jonschlinkert/expand-brackets"
"expand-range@1.8.2","MIT","https://github.com/jonschlinkert/expand-range"
"express-session@1.11.3","MIT","https://github.com/expressjs/session"
"extend-shallow@2.0.1","MIT","https://github.com/jonschlinkert/extend-shallow"
"extend@3.0.2","MIT","https://github.com/justmoon/node-extend"
"extglob@0.3.2","MIT","https://github.com/jonschlinkert/extglob"
"extract-zip@1.6.7","BSD-2-Clause","https://github.com/maxogden/extract-zip"
"extsprintf@1.3.0","MIT","https://github.com/davepacheco/node-extsprintf"
"fancy-log@1.3.3","MIT","https://github.com/gulpjs/fancy-log"
"fast-deep-equal@2.0.1","MIT","https://github.com/epoberezkin/fast-deep-equal"
"fast-json-stable-stringify@2.0.0","MIT","https://github.com/epoberezkin/fast-json-stable-stringify"
"faye-websocket@0.4.4","MIT","https://github.com/faye/faye-websocket-node"
"fd-slicer@1.0.1","MIT","https://github.com/andrewrk/node-fd-slicer"
"fd-slicer@1.1.0","MIT","https://github.com/andrewrk/node-fd-slicer"
"figures@1.7.0","MIT","https://github.com/sindresorhus/figures"
"file-type@3.9.0","MIT","https://github.com/sindresorhus/file-type"
"filename-regex@2.0.1","MIT","https://github.com/regexhq/filename-regex"
"filename-reserved-regex@1.0.0","MIT","https://github.com/sindresorhus/filename-reserved-regex"
"filenamify@1.2.1","MIT","https://github.com/sindresorhus/filenamify"
"fill-range@2.2.4","MIT","https://github.com/jonschlinkert/fill-range"
"finalhandler@0.4.0","MIT","https://github.com/pillarjs/finalhandler"
"find-index@0.1.1","MIT","https://github.com/jsdf/find-index"
"find-up@1.1.2","MIT","https://github.com/sindresorhus/find-up"
"find-versions@1.2.1","MIT","https://github.com/sindresorhus/find-versions"
"findup-sync@0.1.3","MIT","https://github.com/cowboy/node-findup-sync"
"first-chunk-stream@1.0.0","MIT","https://github.com/sindresorhus/first-chunk-stream"
"for-in@1.0.2","MIT","https://github.com/jonschlinkert/for-in"
"for-own@0.1.5","MIT","https://github.com/jonschlinkert/for-own"
"forever-agent@0.5.2","Apache*","https://github.com/mikeal/forever-agent"
"forever-agent@0.6.1","Apache-2.0","https://github.com/mikeal/forever-agent"
"form-data@0.1.4","MIT","https://github.com/felixge/node-form-data"
"form-data@0.2.0","MIT","https://github.com/felixge/node-form-data"
"form-data@2.3.3","MIT","https://github.com/form-data/form-data"
"fresh@0.3.0","MIT","https://github.com/jshttp/fresh"
"fs-constants@1.0.0","MIT","https://github.com/mafintosh/fs-constants"
"fs-extra@1.0.0","MIT","https://github.com/jprichardson/node-fs-extra"
"fs.realpath@1.0.0","ISC","https://github.com/isaacs/fs.realpath"
"fstream-ignore@1.0.5","ISC","https://github.com/isaacs/fstream-ignore"
"fstream@1.0.11","ISC","https://github.com/npm/fstream"
"gaze@0.5.2","MIT","https://github.com/shama/gaze"
"get-proxy@1.1.0","MIT","https://github.com/kevva/get-proxy"
"get-stdin@4.0.1","MIT","https://github.com/sindresorhus/get-stdin"
"getobject@0.1.0","MIT","https://github.com/cowboy/node-getobject"
"getpass@0.1.7","MIT","https://github.com/arekinath/node-getpass"
"gifsicle@3.0.4","MIT","https://github.com/imagemin/gifsicle-bin"
"glob-base@0.3.0","MIT","https://github.com/jonschlinkert/glob-base"
"glob-parent@2.0.0","ISC","https://github.com/es128/glob-parent"
"glob-parent@3.1.0","ISC","https://github.com/es128/glob-parent"
"glob-stream@4.1.1","MIT","https://github.com/wearefractal/glob-stream"
"glob-stream@5.3.5","MIT","https://github.com/gulpjs/glob-stream"
"glob-watcher@0.0.8","MIT","https://github.com/wearefractal/glob-watcher"
"glob2base@0.0.12","MIT","https://github.com/wearefractal/glob2base"
"glob@3.1.21","BSD*","https://github.com/isaacs/node-glob"
"glob@3.2.11","BSD*","https://github.com/isaacs/node-glob"
"glob@4.0.6","ISC","https://github.com/isaacs/node-glob"
"glob@4.5.3","ISC","https://github.com/isaacs/node-glob"
"glob@5.0.15","ISC","https://github.com/isaacs/node-glob"
"glob@7.1.3","ISC","https://github.com/isaacs/node-glob"
"globule@0.1.0","MIT","https://github.com/cowboy/node-globule"
"glogg@1.0.2","MIT","https://github.com/gulpjs/glogg"
"google-cdn-data@0.1.25","MIT","https://github.com/shahata/google-cdn-data"
"google-cdn@0.7.0","BSD","https://github.com/passy/google-cdn"
"got@0.3.0","MIT","https://github.com/sindresorhus/got"
"got@5.7.1","MIT","https://github.com/sindresorhus/got"
"graceful-fs@1.2.3","BSD*","https://github.com/isaacs/node-graceful-fs"
"graceful-fs@2.0.3","BSD*","https://github.com/isaacs/node-graceful-fs"
"graceful-fs@3.0.11","ISC","https://github.com/isaacs/node-graceful-fs"
"graceful-fs@4.1.15","ISC","https://github.com/isaacs/node-graceful-fs"
"graceful-readlink@1.0.1","MIT","https://github.com/zhiyelee/graceful-readlink"
"grunt-angular-templates@0.5.9","MIT","https://github.com/ericclemmons/grunt-angular-templates"
"grunt-concurrent@1.0.1","MIT","https://github.com/sindresorhus/grunt-concurrent"
"grunt-connect-proxy@0.2.0","MIT","https://github.com/drewzboto/grunt-connect-proxy"
"grunt-contrib-clean@0.6.0","MIT","https://github.com/gruntjs/grunt-contrib-clean"
"grunt-contrib-concat@0.5.1","MIT","https://github.com/gruntjs/grunt-contrib-concat"
"grunt-contrib-connect@0.9.0","MIT","https://github.com/gruntjs/grunt-contrib-connect"
"grunt-contrib-copy@0.7.0","MIT","https://github.com/gruntjs/grunt-contrib-copy"
"grunt-contrib-cssmin@0.12.3","MIT","https://github.com/gruntjs/grunt-contrib-cssmin"
"grunt-contrib-htmlmin@0.4.0","MIT","https://github.com/gruntjs/grunt-contrib-htmlmin"
"grunt-contrib-imagemin@0.9.4","MIT","https://github.com/gruntjs/grunt-contrib-imagemin"
"grunt-contrib-jshint@0.11.3","MIT","https://github.com/gruntjs/grunt-contrib-jshint"
"grunt-contrib-uglify@0.7.0","MIT","https://github.com/gruntjs/grunt-contrib-uglify"
"grunt-contrib-watch@0.6.1","MIT","https://github.com/gruntjs/grunt-contrib-watch"
"grunt-filerev@2.3.1","BSD*","https://github.com/yeoman/grunt-filerev"
"grunt-google-cdn@0.4.3","BSD*","https://github.com/btford/grunt-google-cdn"
"grunt-injector@0.6.1","MIT","https://github.com/klei/grunt-injector"
"grunt-karma@3.0.1","MIT","https://github.com/karma-runner/grunt-karma"
"grunt-legacy-log-utils@0.1.1","MIT","https://github.com/gruntjs/grunt-legacy-log-utils"
"grunt-legacy-log@0.1.3","MIT","https://github.com/gruntjs/grunt-legacy-log"
"grunt-legacy-util@0.2.0","MIT","https://github.com/gruntjs/grunt-legacy-util"
"grunt-newer@1.3.0","MIT","https://github.com/tschaub/grunt-newer"
"grunt-ng-annotate@0.9.2","MIT","https://github.com/mzgol/grunt-ng-annotate"
"grunt-postcss@0.8.0","MIT","https://github.com/nDmitry/grunt-postcss"
"grunt-svgmin@2.0.1","MIT","https://github.com/sindresorhus/grunt-svgmin"
"grunt-usemin@3.1.1","BSD-2-Clause","https://github.com/yeoman/grunt-usemin"
"grunt-wiredep@2.0.0","MIT","https://github.com/stephenplusplus/grunt-wiredep"
"grunt@0.4.5","MIT","https://github.com/gruntjs/grunt"
"gulp-decompress@1.2.0","MIT","https://github.com/kevva/gulp-decompress"
"gulp-rename@1.4.0","MIT","https://github.com/hparra/gulp-rename"
"gulp-sourcemaps@1.6.0","ISC","https://github.com/floridoo/gulp-sourcemaps"
"gulp-util@3.0.8","MIT","https://github.com/gulpjs/gulp-util"
"gulplog@1.0.0","MIT","https://github.com/gulpjs/gulplog"
"gzip-size@1.0.0","MIT","https://github.com/sindresorhus/gzip-size"
"handlebars@2.0.0","MIT","https://github.com/wycats/handlebars.js"
"har-schema@2.0.0","ISC","https://github.com/ahmadnassri/har-schema"
"har-validator@5.1.3","MIT","https://github.com/ahmadnassri/node-har-validator"
"has-ansi@0.1.0","MIT","https://github.com/sindresorhus/has-ansi"
"has-ansi@2.0.0","MIT","https://github.com/sindresorhus/has-ansi"
"has-flag@1.0.0","MIT","https://github.com/sindresorhus/has-flag"
"has-gulplog@0.1.0","MIT","https://github.com/gulpjs/has-gulplog"
"hasha@2.2.0","MIT","https://github.com/sindresorhus/hasha"
"hawk@1.1.1","BSD","https://github.com/hueniverse/hawk"
"hoek@0.9.1","BSD","https://github.com/spumko/hoek"
"hooker@0.2.3","MIT","https://github.com/cowboy/javascript-hooker"
"hosted-git-info@2.7.1","ISC","https://github.com/npm/hosted-git-info"
"html-minifier@0.6.9","MIT","https://github.com/kangax/html-minifier"
"html-minifier@0.7.2","MIT","https://github.com/kangax/html-minifier"
"htmlparser2@3.8.3","MIT","https://github.com/fb55/htmlparser2"
"http-errors@1.3.1","MIT","https://github.com/jshttp/http-errors"
"http-proxy@1.11.3","MIT","https://github.com/nodejitsu/node-http-proxy"
"http-signature@0.10.1","MIT","https://github.com/joyent/node-http-signature"
"http-signature@1.2.0","MIT","https://github.com/joyent/node-http-signature"
"iconv-lite@0.2.11","MIT","https://github.com/ashtuchkin/iconv-lite"
"iconv-lite@0.4.11","MIT","https://github.com/ashtuchkin/iconv-lite"
"iconv-lite@0.4.13","MIT","https://github.com/ashtuchkin/iconv-lite"
"imagemin-gifsicle@4.2.0","MIT","https://github.com/imagemin/imagemin-gifsicle"
"imagemin-jpegtran@4.3.2","MIT","https://github.com/imagemin/imagemin-jpegtran"
"imagemin-optipng@4.3.0","MIT","https://github.com/imagemin/imagemin-optipng"
"imagemin-svgo@4.2.1","MIT","https://github.com/imagemin/imagemin-svgo"
"imagemin@3.2.2","MIT","https://github.com/imagemin/imagemin"
"indent-string@2.1.0","MIT","https://github.com/sindresorhus/indent-string"
"inflight@1.0.6","ISC","https://github.com/npm/inflight"
"inherits@1.0.2","ISC*","https://github.com/isaacs/inherits"
"inherits@2.0.3","ISC","https://github.com/isaacs/inherits"
"ini@1.3.5","ISC","https://github.com/isaacs/ini"
"inquirer@0.6.0","MIT","https://github.com/SBoudrias/Inquirer.js"
"inquirer@0.7.1","MIT","https://github.com/SBoudrias/Inquirer.js"
"insight@0.4.3","BSD*","https://github.com/yeoman/insight"
"intersect@0.0.3","MIT","https://github.com/juliangruber/intersect"
"ip-regex@1.0.3","MIT","https://github.com/sindresorhus/ip-regex"
"ip-regex@3.0.0","MIT","https://github.com/sindresorhus/ip-regex"
"is-absolute@0.1.7","MIT","https://github.com/jonschlinkert/is-absolute"
"is-arrayish@0.2.1","MIT","https://github.com/qix-/node-is-arrayish"
"is-buffer@1.1.6","MIT","https://github.com/feross/is-buffer"
"is-builtin-module@1.0.0","MIT","https://github.com/sindresorhus/is-builtin-module"
"is-bzip2@1.0.0","MIT","https://github.com/kevva/is-bzip2"
"is-dotfile@1.0.3","MIT","https://github.com/jonschlinkert/is-dotfile"
"is-equal-shallow@0.1.3","MIT","https://github.com/jonschlinkert/is-equal-shallow"
"is-extendable@0.1.1","MIT","https://github.com/jonschlinkert/is-extendable"
"is-extglob@1.0.0","MIT","https://github.com/jonschlinkert/is-extglob"
"is-extglob@2.1.1","MIT","https://github.com/jonschlinkert/is-extglob"
"is-finite@1.0.2","MIT","https://github.com/sindresorhus/is-finite"
"is-gif@1.0.0","MIT","https://github.com/sindresorhus/is-gif"
"is-glob@2.0.1","MIT","https://github.com/jonschlinkert/is-glob"
"is-glob@3.1.0","MIT","https://github.com/jonschlinkert/is-glob"
"is-gzip@1.0.0","MIT","https://github.com/kevva/is-gzip"
"is-jpg@1.0.1","MIT","https://github.com/sindresorhus/is-jpg"
"is-lower-case@1.1.3","MIT","https://github.com/blakeembrey/is-lower-case"
"is-natural-number@2.1.1","MIT","https://github.com/shinnn/is-natural-number.js"
"is-number@2.1.0","MIT","https://github.com/jonschlinkert/is-number"
"is-number@4.0.0","MIT","https://github.com/jonschlinkert/is-number"
"is-obj@1.0.1","MIT","https://github.com/sindresorhus/is-obj"
"is-png@1.1.0","MIT","https://github.com/sindresorhus/is-png"
"is-posix-bracket@0.1.1","MIT","https://github.com/jonschlinkert/is-posix-bracket"
"is-primitive@2.0.0","MIT","https://github.com/jonschlinkert/is-primitive"
"is-redirect@1.0.0","MIT","https://github.com/sindresorhus/is-redirect"
"is-relative@0.1.3","MIT","https://github.com/jonschlinkert/is-relative"
"is-retry-allowed@1.1.0","MIT","https://github.com/floatdrop/is-retry-allowed"
"is-root@1.0.0","MIT","https://github.com/sindresorhus/is-root"
"is-stream@1.1.0","MIT","https://github.com/sindresorhus/is-stream"
"is-svg@1.1.1","MIT","https://github.com/sindresorhus/is-svg"
"is-tar@1.0.0","MIT","https://github.com/kevva/is-tar"
"is-typedarray@1.0.0","MIT","https://github.com/hughsk/is-typedarray"
"is-upper-case@1.1.2","MIT","https://github.com/blakeembrey/is-upper-case"
"is-url@1.2.4","MIT","https://github.com/segmentio/is-url"
"is-utf8@0.2.1","MIT","https://github.com/wayfind/is-utf8"
"is-valid-glob@0.3.0","MIT","https://github.com/jonschlinkert/is-valid-glob"
"is-zip@1.0.0","MIT","https://github.com/kevva/is-zip"
"isarray@0.0.1","MIT","https://github.com/juliangruber/isarray"
"isarray@1.0.0","MIT","https://github.com/juliangruber/isarray"
"isexe@2.0.0","ISC","https://github.com/isaacs/isexe"
"isobject@2.1.0","MIT","https://github.com/jonschlinkert/isobject"
"isstream@0.1.2","MIT","https://github.com/rvagg/isstream"
"jasmine-core@3.3.0","MIT","https://github.com/jasmine/jasmine"
"jit-grunt@0.9.1","MIT","https://github.com/shootaroo/jit-grunt"
"jpegtran-bin@3.2.0","MIT","https://github.com/imagemin/jpegtran-bin"
"js-base64@2.5.1","BSD-3-Clause","https://github.com/dankogai/js-base64"
"js-yaml@2.0.5","MIT","https://github.com/nodeca/js-yaml"
"js-yaml@3.12.1","MIT","https://github.com/nodeca/js-yaml"
"js-yaml@3.3.1","MIT","https://github.com/nodeca/js-yaml"
"js-yaml@3.6.1","MIT","https://github.com/nodeca/js-yaml"
"jsbn@0.1.1","MIT","https://github.com/andyperlitch/jsbn"
"jshint-stylish@1.0.2","MIT","https://github.com/sindresorhus/jshint-stylish"
"jshint@2.8.0","(MIT AND JSON)","https://github.com/jshint/jshint"
"json-schema-traverse@0.4.1","MIT","https://github.com/epoberezkin/json-schema-traverse"
"json-schema@0.2.3","AFLv2.1,BSD","https://github.com/kriszyp/json-schema"
"json-stable-stringify-without-jsonify@1.0.1","MIT","https://github.com/samn/json-stable-stringify"
"json-stringify-safe@5.0.1","ISC","https://github.com/isaacs/json-stringify-safe"
"jsonfile@2.4.0","MIT","https://github.com/jprichardson/node-jsonfile"
"jsonify@0.0.0","Public Domain","https://github.com/substack/jsonify"
"jsprim@1.4.1","MIT","https://github.com/joyent/node-jsprim"
"junk@1.0.3","MIT","https://github.com/sindresorhus/junk"
"karma-jasmine@2.0.1","MIT","https://github.com/karma-runner/karma-jasmine"
"karma-phantomjs-launcher@1.0.4","MIT","https://github.com/karma-runner/karma-phantomjs-launcher"
"kew@0.7.0","Apache-2.0","https://github.com/Medium/kew"
"kind-of@3.2.2","MIT","https://github.com/jonschlinkert/kind-of"
"kind-of@6.0.2","MIT","https://github.com/jonschlinkert/kind-of"
"klaw@1.3.1","MIT","https://github.com/jprichardson/node-klaw"
"latest-version@0.2.0","MIT","https://github.com/sindresorhus/latest-version"
"lazy-req@1.1.0","MIT","https://github.com/sindresorhus/lazy-req"
"lazystream@1.0.0","MIT","https://github.com/jpommerening/node-lazystream"
"load-json-file@1.1.0","MIT","https://github.com/sindresorhus/load-json-file"
"lockfile@1.0.4","ISC","https://github.com/npm/lockfile"
"lodash._basecopy@3.0.1","MIT","https://github.com/lodash/lodash"
"lodash._basetostring@3.0.1","MIT","https://github.com/lodash/lodash"
"lodash._basevalues@3.0.0","MIT","https://github.com/lodash/lodash"
"lodash._getnative@3.9.1","MIT","https://github.com/lodash/lodash"
"lodash._isiterateecall@3.0.9","MIT","https://github.com/lodash/lodash"
"lodash._isnative@2.4.1","MIT","https://github.com/lodash/lodash-cli"
"lodash._objecttypes@2.4.1","MIT","https://github.com/lodash/lodash-cli"
"lodash._reescape@3.0.0","MIT","https://github.com/lodash/lodash"
"lodash._reevaluate@3.0.0","MIT","https://github.com/lodash/lodash"
"lodash._reinterpolate@3.0.0","MIT","https://github.com/lodash/lodash"
"lodash._root@3.0.1","MIT","https://github.com/lodash/lodash"
"lodash.debounce@2.4.1","MIT","https://github.com/lodash/lodash-cli"
"lodash.escape@3.2.0","MIT","https://github.com/lodash/lodash"
"lodash.isarguments@3.1.0","MIT","https://github.com/lodash/lodash"
"lodash.isarray@3.0.4","MIT","https://github.com/lodash/lodash"
"lodash.isequal@4.5.0","MIT","https://github.com/lodash/lodash"
"lodash.isfunction@2.4.1","MIT","https://github.com/lodash/lodash-cli"
"lodash.isobject@2.4.1","MIT","https://github.com/lodash/lodash-cli"
"lodash.keys@3.1.2","MIT","https://github.com/lodash/lodash"
"lodash.now@2.4.1","MIT","https://github.com/lodash/lodash-cli"
"lodash.restparam@3.6.1","MIT","https://github.com/lodash/lodash"
"lodash.template@3.6.2","MIT","https://github.com/lodash/lodash"
"lodash.templatesettings@3.1.1","MIT","https://github.com/lodash/lodash"
"lodash@0.9.2","MIT","https://github.com/lodash/lodash"
"lodash@1.0.2","MIT","https://github.com/lodash/lodash"
"lodash@2.4.2","MIT","https://github.com/lodash/lodash"
"lodash@3.10.1","MIT","https://github.com/lodash/lodash"
"lodash@3.7.0","MIT","https://github.com/lodash/lodash"
"lodash@4.17.11","MIT","https://github.com/lodash/lodash"
"log-symbols@1.0.2","MIT","https://github.com/sindresorhus/log-symbols"
"logalot@2.1.0","MIT","https://github.com/imagemin/logalot"
"longest@1.0.1","MIT","https://github.com/jonschlinkert/longest"
"loud-rejection@1.6.0","MIT","https://github.com/sindresorhus/loud-rejection"
"lower-case-first@1.0.2","MIT","https://github.com/blakeembrey/lower-case-first"
"lower-case@1.1.4","MIT","https://github.com/blakeembrey/lower-case"
"lowercase-keys@1.0.1","MIT","https://github.com/sindresorhus/lowercase-keys"
"lpad-align@1.1.2","MIT","https://github.com/kevva/lpad-align"
"lpad@1.0.0","MIT","https://github.com/sindresorhus/lpad"
"lru-cache@2.3.1","MIT","https://github.com/isaacs/node-lru-cache"
"lru-cache@2.5.2","MIT","https://github.com/isaacs/node-lru-cache"
"lru-cache@2.7.3","ISC","https://github.com/isaacs/node-lru-cache"
"lru-queue@0.1.0","MIT","https://github.com/medikoo/lru-queue"
"map-obj@1.0.1","MIT","https://github.com/sindresorhus/map-obj"
"math-random@1.0.4","MIT","https://github.com/michaelrhodes/math-random"
"maxmin@1.1.0","MIT","https://github.com/sindresorhus/maxmin"
"media-typer@0.3.0","MIT","https://github.com/jshttp/media-typer"
"memoizee@0.3.10","MIT","https://github.com/medikoo/memoizee"
"meow@3.7.0","MIT","https://github.com/sindresorhus/meow"
"merge-stream@0.1.8","MIT","https://github.com/grncdr/merge-stream"
"merge-stream@1.0.1","MIT","https://github.com/grncdr/merge-stream"
"method-override@2.3.10","MIT","https://github.com/expressjs/method-override"
"methods@1.1.2","MIT","https://github.com/jshttp/methods"
"micromatch@2.3.11","MIT","https://github.com/jonschlinkert/micromatch"
"mime-db@1.12.0","MIT","https://github.com/jshttp/mime-db"
"mime-db@1.37.0","MIT","https://github.com/jshttp/mime-db"
"mime-types@1.0.2","MIT","https://github.com/expressjs/mime-types"
"mime-types@2.0.14","MIT","https://github.com/jshttp/mime-types"
"mime-types@2.1.21","MIT","https://github.com/jshttp/mime-types"
"mime@1.2.11","MIT*","https://github.com/broofa/node-mime"
"mime@1.3.4","MIT","https://github.com/broofa/node-mime"
"minimatch@0.2.14","MIT","https://github.com/isaacs/minimatch"
"minimatch@0.3.0","MIT","https://github.com/isaacs/minimatch"
"minimatch@1.0.0","MIT","https://github.com/isaacs/minimatch"
"minimatch@2.0.10","ISC","https://github.com/isaacs/minimatch"
"minimatch@3.0.4","ISC","https://github.com/isaacs/minimatch"
"minimist@0.0.10","MIT","https://github.com/substack/minimist"
"minimist@0.0.8","MIT","https://github.com/substack/minimist"
"minimist@1.2.0","MIT","https://github.com/substack/minimist"
"mkdirp@0.3.5","MIT","https://github.com/substack/node-mkdirp"
"mkdirp@0.5.0","MIT","https://github.com/substack/node-mkdirp"
"mkdirp@0.5.1","MIT","https://github.com/substack/node-mkdirp"
"mkpath@0.1.0","MIT","https://github.com/jrajav/mkpath"
"morgan@1.6.1","MIT","https://github.com/expressjs/morgan"
"mout@0.9.1","MIT","https://github.com/mout/mout"
"ms@0.7.1","MIT*","https://github.com/guille/ms.js"
"ms@0.7.2","MIT","https://github.com/zeit/ms"
"ms@2.0.0","MIT","https://github.com/zeit/ms"
"multiparty@3.3.2","MIT","https://github.com/andrewrk/node-multiparty"
"multipipe@0.1.2","MIT","https://github.com/juliangruber/multipipe"
"mute-stream@0.0.4","BSD*","https://github.com/isaacs/mute-stream"
"natives@1.1.6","ISC","https://github.com/addaleax/natives"
"negotiator@0.5.3","MIT","https://github.com/jshttp/negotiator"
"negotiator@0.6.1","MIT","https://github.com/jshttp/negotiator"
"next-tick@0.2.2","MIT","https://github.com/medikoo/next-tick"
"next-tick@1.0.0","MIT","https://github.com/medikoo/next-tick"
"ng-annotate@0.15.4","MIT","https://github.com/olov/ng-annotate"
"node-status-codes@1.0.0","MIT","https://github.com/sindresorhus/node-status-codes"
"node-uuid@1.4.8","MIT","https://github.com/broofa/node-uuid"
"nopt@1.0.10","MIT","https://github.com/isaacs/nopt"
"nopt@2.0.0","MIT","https://github.com/isaacs/nopt"
"nopt@2.2.1","MIT","https://github.com/isaacs/nopt"
"nopt@3.0.6","ISC","https://github.com/npm/nopt"
"noptify@0.0.3","UNKNOWN","https://github.com/mklabs/noptify"
"normalize-package-data@2.4.0","BSD-2-Clause","https://github.com/npm/normalize-package-data"
"normalize-path@2.1.1","MIT","https://github.com/jonschlinkert/normalize-path"
"normalize-range@0.1.2","MIT","https://github.com/jamestalmage/normalize-range"
"npmconf@2.1.3","ISC","https://github.com/npm/npmconf"
"num2fraction@1.2.2","MIT","https://github.com/yisibl/num2fraction"
"number-is-nan@1.0.1","MIT","https://github.com/sindresorhus/number-is-nan"
"oauth-sign@0.4.0","Apache*","https://github.com/mikeal/oauth-sign"
"oauth-sign@0.5.0","Apache*","https://github.com/mikeal/oauth-sign"
"oauth-sign@0.9.0","Apache-2.0","https://github.com/mikeal/oauth-sign"
"object-assign@0.3.1","MIT","https://github.com/sindresorhus/object-assign"
"object-assign@1.0.0","MIT","https://github.com/sindresorhus/object-assign"
"object-assign@2.1.1","MIT","https://github.com/sindresorhus/object-assign"
"object-assign@3.0.0","MIT","https://github.com/sindresorhus/object-assign"
"object-assign@4.1.1","MIT","https://github.com/sindresorhus/object-assign"
"object.omit@2.0.1","MIT","https://github.com/jonschlinkert/object.omit"
"on-finished@2.3.0","MIT","https://github.com/jshttp/on-finished"
"on-headers@1.0.1","MIT","https://github.com/jshttp/on-headers"
"once@1.2.0","BSD*","https://github.com/isaacs/once"
"once@1.3.3","ISC","https://github.com/isaacs/once"
"once@1.4.0","ISC","https://github.com/isaacs/once"
"onetime@1.1.0","MIT","https://github.com/sindresorhus/onetime"
"opn@1.0.2","MIT","https://github.com/sindresorhus/opn"
"optimist@0.3.7","MIT*","https://github.com/substack/node-optimist"
"optimist@0.6.1","MIT*","https://github.com/substack/node-optimist"
"optional@0.1.4","MIT","https://github.com/tony-o/node-optional"
"optipng-bin@3.1.4","MIT","https://github.com/imagemin/optipng-bin"
"ordered-ast-traverse@1.1.1","MIT","https://github.com/olov/ordered-ast-traverse"
"ordered-esprima-props@1.1.0","MIT","https://github.com/olov/ordered-esprima-props"
"ordered-read-streams@0.1.0","MIT","https://github.com/armed/ordered-read-streams"
"ordered-read-streams@0.3.0","MIT","https://github.com/armed/ordered-read-streams"
"os-filter-obj@1.0.3","MIT","https://github.com/kevva/os-filter-obj"
"os-name@1.0.3","MIT","https://github.com/sindresorhus/os-name"
"os-tmpdir@1.0.2","MIT","https://github.com/sindresorhus/os-tmpdir"
"osenv@0.0.3","BSD*","https://github.com/isaacs/osenv"
"osenv@0.1.0","BSD*","https://github.com/isaacs/osenv"
"osx-release@1.1.0","MIT","https://github.com/sindresorhus/osx-release"
"p-throttler@0.1.0","MIT","https://github.com/IndigoUnited/node-p-throttler"
"package-json@0.2.0","MIT","https://github.com/sindresorhus/package-json"
"pad-stdio@1.0.0","MIT","https://github.com/sindresorhus/pad-stdio"
"pako@0.2.9","MIT","https://github.com/nodeca/pako"
"param-case@1.1.2","MIT","https://github.com/blakeembrey/param-case"
"parse-glob@3.0.4","MIT","https://github.com/jonschlinkert/parse-glob"
"parse-json@2.2.0","MIT","https://github.com/sindresorhus/parse-json"
"parse-ms@1.0.1","MIT","https://github.com/sindresorhus/parse-ms"
"parse-node-version@1.0.0","MIT","https://github.com/gulpjs/parse-node-version"
"parseurl@1.3.2","MIT","https://github.com/pillarjs/parseurl"
"pascal-case@1.1.2","MIT","https://github.com/blakeembrey/pascal-case"
"path-case@1.1.2","MIT","https://github.com/blakeembrey/path-case"
"path-dirname@1.0.2","MIT","https://github.com/es128/path-dirname"
"path-exists@1.0.0","MIT","https://github.com/sindresorhus/path-exists"
"path-exists@2.1.0","MIT","https://github.com/sindresorhus/path-exists"
"path-is-absolute@1.0.1","MIT","https://github.com/sindresorhus/path-is-absolute"
"path-type@1.1.0","MIT","https://github.com/sindresorhus/path-type"
"pause@0.1.0","MIT","https://github.com/stream-utils/pause"
"pend@1.2.0","MIT","https://github.com/andrewrk/node-pend"
"performance-now@2.1.0","MIT","https://github.com/braveg1rl/performance-now"
"phantomjs-prebuilt@2.1.16","Apache-2.0","https://github.com/Medium/phantomjs"
"pify@2.3.0","MIT","https://github.com/sindresorhus/pify"
"pinkie-promise@2.0.1","MIT","https://github.com/floatdrop/pinkie-promise"
"pinkie@2.0.4","MIT","https://github.com/floatdrop/pinkie"
"plur@1.0.0","MIT","https://github.com/sindresorhus/plur"
"portscanner@1.2.0","MIT","https://github.com/baalexander/node-portscanner"
"postcss-value-parser@3.3.1","MIT","https://github.com/TrySound/postcss-value-parser"
"postcss@5.2.18","MIT","https://github.com/postcss/postcss"
"prepend-http@1.0.4","MIT","https://github.com/sindresorhus/prepend-http"
"preserve@0.2.0","MIT","https://github.com/jonschlinkert/preserve"
"pretty-bytes@1.0.4","MIT","https://github.com/sindresorhus/pretty-bytes"
"pretty-ms@2.1.0","MIT","https://github.com/sindresorhus/pretty-ms"
"process-nextick-args@2.0.0","MIT","https://github.com/calvinmetcalf/process-nextick-args"
"progress@1.1.8","MIT*","https://github.com/visionmedia/node-progress"
"promptly@0.2.0","MIT","https://github.com/IndigoUnited/node-promptly"
"propprop@0.3.1","MIT","https://github.com/stephenplusplus/propprop"
"proto-list@1.2.4","ISC","https://github.com/isaacs/proto-list"
"psl@1.1.31","MIT","https://github.com/wrangr/psl"
"pump@0.3.5","MIT","https://github.com/mafintosh/pump"
"punycode@1.4.1","MIT","https://github.com/bestiejs/punycode.js"
"punycode@2.1.1","MIT","https://github.com/bestiejs/punycode.js"
"q@0.9.7","MIT","https://github.com/kriskowal/q"
"q@1.0.1","MIT","https://github.com/kriskowal/q"
"q@1.5.1","MIT","https://github.com/kriskowal/q"
"qs@0.5.6","MIT*","https://github.com/visionmedia/node-querystring"
"qs@1.2.2","BSD","https://github.com/hapijs/qs"
"qs@2.3.3","BSD","https://github.com/hapijs/qs"
"qs@4.0.0","BSD-3-Clause","https://github.com/hapijs/qs"
"qs@6.5.2","BSD-3-Clause","https://github.com/ljharb/qs"
"random-bytes@1.0.0","MIT","https://github.com/crypto-utils/random-bytes"
"randomatic@3.1.1","MIT","https://github.com/jonschlinkert/randomatic"
"range-parser@1.0.3","MIT","https://github.com/jshttp/range-parser"
"raw-body@2.1.7","MIT","https://github.com/stream-utils/raw-body"
"rc@1.2.8","(BSD-2-Clause OR MIT OR Apache-2.0)","https://github.com/dominictarr/rc"
"read-all-stream@3.1.0","MIT","https://github.com/floatdrop/read-all-stream"
"read-pkg-up@1.0.1","MIT","https://github.com/sindresorhus/read-pkg-up"
"read-pkg@1.1.0","MIT","https://github.com/sindresorhus/read-pkg"
"read@1.0.7","ISC","https://github.com/isaacs/read"
"readable-stream@1.0.34","MIT","https://github.com/isaacs/readable-stream"
"readable-stream@1.1.14","MIT","https://github.com/isaacs/readable-stream"
"readable-stream@2.3.6","MIT","https://github.com/nodejs/readable-stream"
"readline2@0.1.1","MIT","https://github.com/SBoudrias/readline2"
"redent@1.0.0","MIT","https://github.com/sindresorhus/redent"
"redeyed@0.4.4","MIT","https://github.com/thlorenz/redeyed"
"regex-cache@0.4.4","MIT","https://github.com/jonschlinkert/regex-cache"
"regexp-quote@0.0.0","UNKNOWN","https://github.com/dbrock/node-regexp-quote"
"registry-url@0.1.1","MIT","https://github.com/sindresorhus/registry-url"
"relateurl@0.2.7","MIT","https://github.com/stevenvachon/relateurl"
"remove-trailing-separator@1.1.0","ISC","https://github.com/darsain/remove-trailing-separator"
"repeat-element@1.1.3","MIT","https://github.com/jonschlinkert/repeat-element"
"repeat-string@1.6.1","MIT","https://github.com/jonschlinkert/repeat-string"
"repeating@2.0.1","MIT","https://github.com/sindresorhus/repeating"
"replace-ext@0.0.1","MIT","https://github.com/wearefractal/replace-ext"
"request-progress@0.3.0","MIT","https://github.com/IndigoUnited/node-request-progress"
"request-progress@2.0.1","MIT","https://github.com/IndigoUnited/node-request-progress"
"request-replay@0.2.0","MIT","https://github.com/IndigoUnited/node-request-replay"
"request@2.42.0","Apache-2.0","https://github.com/mikeal/request"
"request@2.51.0","Apache-2.0","https://github.com/request/request"
"request@2.88.0","Apache-2.0","https://github.com/request/request"
"requires-port@0.0.1","MIT","https://github.com/unshiftio/requires-port"
"response-time@2.3.2","MIT","https://github.com/expressjs/response-time"
"retry@0.6.0","MIT*","https://github.com/felixge/node-retry"
"rimraf@2.2.8","MIT","https://github.com/isaacs/rimraf"
"rimraf@2.6.3","ISC","https://github.com/isaacs/rimraf"
"rndm@1.2.0","MIT","https://github.com/crypto-utils/rndm"
"rx@2.5.3","Apache-2.0","https://github.com/Reactive-Extensions/RxJS"
"safe-buffer@5.1.2","MIT","https://github.com/feross/safe-buffer"
"safer-buffer@2.1.2","MIT","https://github.com/ChALkeR/safer-buffer"
"sax@1.1.6","ISC","https://github.com/isaacs/sax-js"
"sax@1.2.4","ISC","https://github.com/isaacs/sax-js"
"seek-bzip@1.0.5","MIT","https://github.com/cscott/seek-bzip"
"semver-diff@0.1.0","MIT","https://github.com/sindresorhus/semver-diff"
"semver-regex@1.0.0","MIT","https://github.com/sindresorhus/semver-regex"
"semver-truncate@1.1.2","MIT","https://github.com/sindresorhus/semver-truncate"
"semver@2.3.2","BSD*","https://github.com/isaacs/node-semver"
"semver@4.3.6","ISC","https://github.com/npm/node-semver"
"semver@5.0.3","ISC","https://github.com/npm/node-semver"
"semver@5.6.0","ISC","https://github.com/npm/node-semver"
"send@0.13.2","MIT","https://github.com/pillarjs/send"
"sentence-case@1.1.3","MIT","https://github.com/blakeembrey/sentence-case"
"serve-favicon@2.3.2","MIT","https://github.com/expressjs/serve-favicon"
"serve-index@1.7.3","MIT","https://github.com/expressjs/serve-index"
"serve-static@1.10.3","MIT","https://github.com/expressjs/serve-static"
"set-immediate-shim@1.0.1","MIT","https://github.com/sindresorhus/set-immediate-shim"
"shell-quote@1.4.3","MIT","https://github.com/substack/node-shell-quote"
"shelljs@0.3.0","BSD*","https://github.com/arturadib/shelljs"
"sigmund@1.0.1","ISC","https://github.com/isaacs/sigmund"
"signal-exit@3.0.2","ISC","https://github.com/tapjs/signal-exit"
"simple-fmt@0.1.0","MIT","https://github.com/olov/simple-fmt"
"simple-is@0.2.0","MIT","https://github.com/olov/simple-is"
"snake-case@1.1.2","MIT","https://github.com/blakeembrey/snake-case"
"sntp@0.2.4","BSD","https://github.com/hueniverse/sntp"
"source-map@0.1.34","BSD","https://github.com/mozilla/source-map"
"source-map@0.1.43","BSD","https://github.com/mozilla/source-map"
"source-map@0.3.0","BSD","https://github.com/mozilla/source-map"
"source-map@0.4.4","BSD-3-Clause","https://github.com/mozilla/source-map"
"source-map@0.5.7","BSD-3-Clause","https://github.com/mozilla/source-map"
"sparkles@1.0.1","MIT","https://github.com/gulpjs/sparkles"
"spdx-correct@3.1.0","Apache-2.0","https://github.com/jslicense/spdx-correct.js"
"spdx-exceptions@2.2.0","CC-BY-3.0","https://github.com/kemitchell/spdx-exceptions.json"
"spdx-expression-parse@3.0.0","MIT","https://github.com/jslicense/spdx-expression-parse.js"
"spdx-license-ids@3.0.3","CC0-1.0","https://github.com/shinnn/spdx-license-ids"
"sprintf-js@1.0.3","BSD-3-Clause","https://github.com/alexei/sprintf.js"
"squeak@1.3.0","MIT","https://github.com/kevva/squeak"
"sshpk@1.16.1","MIT","https://github.com/joyent/node-sshpk"
"stable@0.1.8","MIT","https://github.com/Two-Screen/stable"
"stat-mode@0.2.2","MIT","https://github.com/TooTallNate/stat-mode"
"statuses@1.2.1","MIT","https://github.com/jshttp/statuses"
"statuses@1.5.0","MIT","https://github.com/jshttp/statuses"
"stream-combiner2@1.1.1","MIT","https://github.com/substack/stream-combiner2"
"stream-counter@0.2.0","BSD*","https://github.com/superjoe30/node-stream-counter"
"stream-shift@1.0.0","MIT","https://github.com/mafintosh/stream-shift"
"string-length@0.1.2","MIT","https://github.com/sindresorhus/string-length"
"string-length@1.0.1","MIT","https://github.com/sindresorhus/string-length"
"string_decoder@0.10.31","MIT","https://github.com/rvagg/string_decoder"
"string_decoder@1.1.1","MIT","https://github.com/nodejs/string_decoder"
"stringify-object@1.0.1","BSD*","https://github.com/yeoman/stringify-object"
"stringmap@0.2.2","MIT","https://github.com/olov/stringmap"
"stringset@0.2.1","MIT","https://github.com/olov/stringset"
"stringstream@0.0.6","MIT","https://github.com/mhart/StringStream"
"strip-ansi@0.2.2","MIT","https://github.com/sindresorhus/strip-ansi"
"strip-ansi@0.3.0","MIT","https://github.com/sindresorhus/strip-ansi"
"strip-ansi@2.0.1","MIT","https://github.com/sindresorhus/strip-ansi"
"strip-ansi@3.0.1","MIT","https://github.com/chalk/strip-ansi"
"strip-bom-stream@1.0.0","MIT","https://github.com/sindresorhus/strip-bom-stream"
"strip-bom@1.0.0","MIT","https://github.com/sindresorhus/strip-bom"
"strip-bom@2.0.0","MIT","https://github.com/sindresorhus/strip-bom"
"strip-dirs@1.1.1","MIT","https://github.com/shinnn/node-strip-dirs"
"strip-indent@1.0.1","MIT","https://github.com/sindresorhus/strip-indent"
"strip-json-comments@1.0.4","MIT","https://github.com/sindresorhus/strip-json-comments"
"strip-json-comments@2.0.1","MIT","https://github.com/sindresorhus/strip-json-comments"
"strip-outer@1.0.1","MIT","https://github.com/sindresorhus/strip-outer"
"sum-up@1.0.3","MIT","https://github.com/shinnn/sum-up"
"supports-color@0.2.0","MIT","https://github.com/sindresorhus/supports-color"
"supports-color@2.0.0","MIT","https://github.com/chalk/supports-color"
"supports-color@3.2.3","MIT","https://github.com/chalk/supports-color"
"svgo@0.5.6","MIT","https://github.com/svg/svgo"
"svgo@0.6.6","MIT","https://github.com/svg/svgo"
"swap-case@1.1.2","MIT","https://github.com/blakeembrey/swap-case"
"tar-fs@0.5.2","MIT","https://github.com/mafintosh/tar-fs"
"tar-stream@0.4.7","MIT","https://github.com/mafintosh/tar-stream"
"tar-stream@1.6.2","MIT","https://github.com/mafintosh/tar-stream"
"tempfile@1.1.1","MIT","https://github.com/sindresorhus/tempfile"
"text-table@0.2.0","MIT","https://github.com/substack/text-table"
"thehive@3.2.1","AGPL-3.0","https://github.com/TheHive-Project/TheHive"
"throttleit@0.0.2","MIT","https://github.com/component/throttle"
"throttleit@1.0.0","MIT","https://github.com/component/throttle"
"through2-filter@2.0.0","MIT","https://github.com/brycebaril/through2-filter"
"through2-filter@3.0.0","MIT","https://github.com/brycebaril/through2-filter"
"through2@0.6.5","MIT","https://github.com/rvagg/through2"
"through2@2.0.5","MIT","https://github.com/rvagg/through2"
"through@2.3.8","MIT","https://github.com/dominictarr/through"
"time-grunt@1.4.0","MIT","https://github.com/sindresorhus/time-grunt"
"time-stamp@1.1.0","MIT","https://github.com/jonschlinkert/time-stamp"
"time-zone@0.1.0","MIT","https://github.com/sindresorhus/time-zone"
"timed-out@3.1.3","MIT","https://github.com/floatdrop/timed-out"
"timers-ext@0.1.7","ISC","https://github.com/medikoo/timers-ext"
"tiny-lr-fork@0.0.5","MIT","https://github.com/mklabs/tiny-lr"
"title-case@1.1.2","MIT","https://github.com/blakeembrey/title-case"
"tmp@0.0.23","MIT","https://github.com/raszi/node-tmp"
"to-absolute-glob@0.1.1","MIT","https://github.com/jonschlinkert/to-absolute-glob"
"to-buffer@1.1.1","MIT","https://github.com/mafintosh/to-buffer"
"touch@0.0.2","MIT*","https://github.com/isaacs/node-touch"
"tough-cookie@0.12.1","MIT","https://github.com/goinstant/tough-cookie"
"tough-cookie@2.4.3","BSD-3-Clause","https://github.com/salesforce/tough-cookie"
"tough-cookie@3.0.0","BSD-3-Clause","https://github.com/salesforce/tough-cookie"
"traverse@0.3.9","MIT*","https://github.com/substack/js-traverse"
"trim-newlines@1.0.0","MIT","https://github.com/sindresorhus/trim-newlines"
"trim-repeated@1.0.0","MIT","https://github.com/sindresorhus/trim-repeated"
"tryor@0.1.2","MIT","https://github.com/olov/tryor"
"tsscmp@1.0.5","MIT","https://github.com/suryagh/tsscmp"
"tunnel-agent@0.4.3","Apache-2.0","https://github.com/mikeal/tunnel-agent"
"tunnel-agent@0.6.0","Apache-2.0","https://github.com/mikeal/tunnel-agent"
"tweetnacl@0.14.5","Unlicense","https://github.com/dchest/tweetnacl-js"
"type-is@1.6.16","MIT","https://github.com/jshttp/type-is"
"typedarray@0.0.6","MIT","https://github.com/substack/typedarray"
"uglify-js@2.3.6","BSD*","https://github.com/mishoo/UglifyJS2"
"uglify-js@2.4.24","BSD*","https://github.com/mishoo/UglifyJS2"
"uglify-to-browserify@1.0.2","MIT","https://github.com/ForbesLindesay/uglify-to-browserify"
"uid-number@0.0.5","ISC","https://github.com/isaacs/uid-number"
"uid-safe@2.0.0","MIT","https://github.com/crypto-utils/uid-safe"
"uid-safe@2.1.4","MIT","https://github.com/crypto-utils/uid-safe"
"underscore.string@2.2.1","MIT","https://github.com/epeli/underscore.string"
"underscore.string@2.3.3","MIT","https://github.com/epeli/underscore.string"
"underscore.string@2.4.0","MIT","https://github.com/epeli/underscore.string"
"underscore@1.7.0","MIT","https://github.com/jashkenas/underscore"
"unique-stream@2.3.1","MIT","https://github.com/eugeneware/unique-stream"
"unpipe@1.0.0","MIT","https://github.com/stream-utils/unpipe"
"unzip-response@1.0.2","MIT","https://github.com/sindresorhus/unzip-response"
"update-notifier@0.2.0","BSD*","https://github.com/yeoman/update-notifier"
"upper-case-first@1.1.2","MIT","https://github.com/blakeembrey/upper-case-first"
"upper-case@1.1.3","MIT","https://github.com/blakeembrey/upper-case"
"uri-js@4.2.2","BSD-2-Clause","https://github.com/garycourt/uri-js"
"uri-path@0.0.2","WTFPL","https://github.com/UltCombo/uri-path"
"url-parse-lax@1.0.0","MIT","https://github.com/sindresorhus/url-parse-lax"
"url-regex@3.2.0","MIT","https://github.com/kevva/url-regex"
"user-home@1.1.1","MIT","https://github.com/sindresorhus/user-home"
"util-deprecate@1.0.2","MIT","https://github.com/TooTallNate/util-deprecate"
"utils-merge@1.0.0","MIT","https://github.com/jaredhanson/utils-merge"
"uuid@2.0.3","MIT","https://github.com/defunctzombie/node-uuid"
"uuid@3.3.2","MIT","https://github.com/kelektiv/node-uuid"
"vali-date@1.0.0","MIT","https://github.com/SamVerschueren/vali-date"
"validate-npm-package-license@3.0.4","Apache-2.0","https://github.com/kemitchell/validate-npm-package-license.js"
"vary@1.0.1","MIT","https://github.com/jshttp/vary"
"vary@1.1.2","MIT","https://github.com/jshttp/vary"
"verror@1.10.0","MIT","https://github.com/davepacheco/node-verror"
"vhost@3.0.2","MIT","https://github.com/expressjs/vhost"
"vinyl-assign@1.2.1","MIT","https://github.com/kevva/vinyl-assign"
"vinyl-fs@1.0.0","MIT","https://github.com/wearefractal/vinyl-fs"
"vinyl-fs@2.4.4","MIT","https://github.com/wearefractal/vinyl-fs"
"vinyl@0.4.6","MIT","https://github.com/wearefractal/vinyl"
"vinyl@0.5.3","MIT","https://github.com/wearefractal/vinyl"
"vinyl@1.2.0","MIT","https://github.com/gulpjs/vinyl"
"ware@1.3.0","MIT","https://github.com/segmentio/ware"
"whet.extend@0.9.9","MIT","https://github.com/Meettya/whet.extend"
"which@1.0.9","ISC","https://github.com/isaacs/node-which"
"which@1.3.1","ISC","https://github.com/isaacs/node-which"
"win-release@1.1.1","MIT","https://github.com/sindresorhus/win-release"
"window-size@0.1.0","MIT","https://github.com/jonschlinkert/window-size"
"wiredep@2.2.2","MIT","https://github.com/taptapship/wiredep"
"wordwrap@0.0.2","MIT*","https://github.com/substack/node-wordwrap"
"wrap-fn@0.1.5","MIT","https://github.com/MatthewMueller/wrap-fn"
"wrappy@1.0.2","ISC","https://github.com/npm/wrappy"
"xdg-basedir@1.0.1","MIT","https://github.com/sindresorhus/xdg-basedir"
"xtend@4.0.1","MIT","https://github.com/Raynos/xtend"
"yargs@3.5.4","MIT*","https://github.com/bcoe/yargs"
"yauzl@2.10.0","MIT","https://github.com/thejoshwolfe/yauzl"
"yauzl@2.4.1","MIT","https://github.com/thejoshwolfe/yauzl"
